actual,predicted
toys  school supplies,pens  stationery
beauty and personal care,clothing
clothing,clothing
home decor  festive needs,home decor  festive needs
furniture,furniture
clothing,clothing
computers,computers
jewellery,jewellery
clothing,clothing
automotive,automotive
baby care,home furnishing
tools  hardware,tools  hardware
clothing,clothing
clothing,clothing
jewellery,jewellery
jewellery,jewellery
beauty and personal care,beauty and personal care
jewellery,jewellery
clothing,clothing
mobiles  accessories,mobiles  accessories
jewellery,jewellery
clothing,clothing
jewellery,jewellery
jewellery,jewellery
clothing,clothing
clothing,clothing
kitchen  dining,kitchen  dining
clothing,clothing
toys  school supplies,toys  school supplies
clothing,clothing
clothing,clothing
jewellery,jewellery
clothing,clothing
toys  school supplies,toys  school supplies
home furnishing,home furnishing
pens  stationery,toys  school supplies
computers,computers
clothing,clothing
beauty and personal care,beauty and personal care
jewellery,jewellery
clothing,clothing
clothing,clothing
tools  hardware,tools  hardware
footwear,footwear
home decor  festive needs,home decor  festive needs
pens  stationery,home decor  festive needs
jewellery,jewellery
automotive,automotive
footwear,footwear
kitchen  dining,kitchen  dining
footwear,footwear
footwear,footwear
clothing,clothing
jewellery,jewellery
home decor  festive needs,home decor  festive needs
jewellery,jewellery
clothing,clothing
clothing,clothing
footwear,footwear
clothing,clothing
jewellery,jewellery
home improvement,automotive
computers,computers
mobiles  accessories,mobiles  accessories
kitchen  dining,kitchen  dining
jewellery,jewellery
clothing,clothing
clothing,clothing
jewellery,jewellery
mobiles  accessories,mobiles  accessories
home furnishing,home furnishing
toys  school supplies,home decor  festive needs
clothing,clothing
home decor  festive needs,baby care
jewellery,jewellery
footwear,footwear
jewellery,jewellery
automotive,automotive
mobiles  accessories,mobiles  accessories
mobiles  accessories,mobiles  accessories
clothing,clothing
home furnishing,home furnishing
tools  hardware,tools  hardware
clothing,clothing
home decor  festive needs,home decor  festive needs
clothing,clothing
clothing,clothing
clothing,clothing
home furnishing,home furnishing
clothing,clothing
jewellery,jewellery
beauty and personal care,beauty and personal care
computers,computers
sports  fitness,sports  fitness
automotive,automotive
watches,watches
jewellery,jewellery
kitchen  dining,kitchen  dining
home decor  festive needs,home decor  festive needs
footwear,footwear
clothing,clothing
kitchen  dining,kitchen  dining
clothing,clothing
home furnishing,home furnishing
pens  stationery,pens  stationery
clothing,clothing
footwear,footwear
clothing,clothing
automotive,automotive
footwear,footwear
home furnishing,home furnishing
clothing,clothing
tools  hardware,tools  hardware
tools  hardware,home decor  festive needs
jewellery,jewellery
mobiles  accessories,mobiles  accessories
jewellery,jewellery
kitchen  dining,kitchen  dining
toys  school supplies,toys  school supplies
tools  hardware,kitchen  dining
automotive,automotive
automotive,automotive
automotive,automotive
jewellery,jewellery
footwear,footwear
jewellery,jewellery
footwear,footwear
jewellery,jewellery
clothing,clothing
mobiles  accessories,mobiles  accessories
mobiles  accessories,mobiles  accessories
clothing,clothing
baby care,home decor  festive needs
jewellery,jewellery
toys  school supplies,toys  school supplies
clothing,clothing
baby care,baby care
clothing,clothing
clothing,clothing
kitchen  dining,kitchen  dining
jewellery,jewellery
clothing,clothing
jewellery,jewellery
clothing,clothing
automotive,automotive
footwear,footwear
jewellery,jewellery
watches,clothing
clothing,clothing
watches,watches
clothing,clothing
beauty and personal care,beauty and personal care
clothing,clothing
jewellery,jewellery
jewellery,jewellery
bags wallets  belts,bags wallets  belts
mobiles  accessories,mobiles  accessories
toys  school supplies,jewellery
home furnishing,home furnishing
computers,computers
sports  fitness,sports  fitness
sports  fitness,sports  fitness
furniture,furniture
jewellery,jewellery
home decor  festive needs,home decor  festive needs
jewellery,jewellery
mobiles  accessories,mobiles  accessories
mobiles  accessories,mobiles  accessories
clothing,clothing
jewellery,jewellery
clothing,clothing
clothing,clothing
jewellery,jewellery
clothing,clothing
clothing,clothing
watches,watches
clothing,clothing
home decor  festive needs,home decor  festive needs
toys  school supplies,toys  school supplies
jewellery,jewellery
footwear,footwear
clothing,clothing
jewellery,jewellery
clothing,clothing
footwear,footwear
footwear,footwear
mobiles  accessories,mobiles  accessories
pet supplies,home decor  festive needs
clothing,clothing
kitchen  dining,home furnishing
clothing,clothing
jewellery,jewellery
footwear,footwear
beauty and personal care,beauty and personal care
automotive,automotive
clothing,clothing
clothing,clothing
kitchen  dining,kitchen  dining
clothing,clothing
clothing,clothing
jewellery,jewellery
jewellery,jewellery
clothing,clothing
home decor  festive needs,home decor  festive needs
footwear,footwear
clothing,clothing
footwear,footwear
home decor  festive needs,home decor  festive needs
pet supplies,beauty and personal care
beauty and personal care,beauty and personal care
clothing,clothing
home decor  festive needs,home decor  festive needs
beauty and personal care,beauty and personal care
clothing,clothing
home decor  festive needs,home decor  festive needs
home decor  festive needs,home decor  festive needs
clothing,clothing
automotive,automotive
jewellery,jewellery
pens  stationery,pens  stationery
kitchen  dining,kitchen  dining
jewellery,jewellery
home decor  festive needs,home decor  festive needs
jewellery,jewellery
baby care,baby care
bags wallets  belts,bags wallets  belts
kitchen  dining,home decor  festive needs
clothing,clothing
mobiles  accessories,clothing
clothing,clothing
clothing,clothing
clothing,clothing
footwear,footwear
clothing,clothing
jewellery,jewellery
home improvement,beauty and personal care
clothing,clothing
toys  school supplies,toys  school supplies
computers,computers
clothing,clothing
furniture,furniture
automotive,automotive
jewellery,jewellery
sports  fitness,sports  fitness
clothing,clothing
mobiles  accessories,mobiles  accessories
watches,watches
jewellery,jewellery
clothing,clothing
mobiles  accessories,mobiles  accessories
health  personal care appliances,mobiles  accessories
clothing,clothing
footwear,footwear
clothing,clothing
clothing,clothing
home decor  festive needs,home decor  festive needs
clothing,clothing
automotive,automotive
clothing,clothing
jewellery,jewellery
home furnishing,home furnishing
jewellery,jewellery
beauty and personal care,beauty and personal care
jewellery,jewellery
jewellery,jewellery
gaming,mobiles  accessories
mobiles  accessories,mobiles  accessories
cameras  accessories,cameras  accessories
jewellery,jewellery
jewellery,jewellery
sports  fitness,automotive
mobiles  accessories,computers
jewellery,home furnishing
home decor  festive needs,home decor  festive needs
home decor  festive needs,home decor  festive needs
jewellery,jewellery
clothing,clothing
clothing,clothing
home decor  festive needs,home decor  festive needs
home furnishing,home furnishing
sports  fitness,sports  fitness
baby care,baby care
kitchen  dining,kitchen  dining
beauty and personal care,beauty and personal care
beauty and personal care,clothing
mobiles  accessories,mobiles  accessories
clothing,clothing
clothing,clothing
mobiles  accessories,mobiles  accessories
clothing,clothing
jewellery,jewellery
clothing,clothing
footwear,footwear
clothing,clothing
home decor  festive needs,home decor  festive needs
home decor  festive needs,home decor  festive needs
jewellery,jewellery
mobiles  accessories,mobiles  accessories
clothing,clothing
clothing,clothing
jewellery,jewellery
beauty and personal care,beauty and personal care
clothing,clothing
jewellery,jewellery
pens  stationery,pens  stationery
toys  school supplies,toys  school supplies
jewellery,jewellery
computers,computers
clothing,clothing
kitchen  dining,kitchen  dining
jewellery,jewellery
clothing,clothing
jewellery,jewellery
clothing,clothing
footwear,footwear
clothing,clothing
clothing,clothing
bags wallets  belts,bags wallets  belts
toys  school supplies,home decor  festive needs
automotive,automotive
automotive,automotive
clothing,clothing
automotive,automotive
clothing,clothing
clothing,clothing
clothing,clothing
clothing,clothing
clothing,clothing
sports  fitness,sports  fitness
jewellery,jewellery
mobiles  accessories,mobiles  accessories
computers,computers
clothing,clothing
home furnishing,home furnishing
home decor  festive needs,home decor  festive needs
beauty and personal care,beauty and personal care
clothing,clothing
sunglasses,sunglasses
home furnishing,home decor  festive needs
mobiles  accessories,automotive
clothing,clothing
clothing,clothing
jewellery,jewellery
automotive,automotive
clothing,clothing
clothing,clothing
jewellery,jewellery
jewellery,jewellery
jewellery,jewellery
jewellery,jewellery
jewellery,jewellery
tools  hardware,tools  hardware
computers,computers
clothing,clothing
computers,computers
clothing,clothing
clothing,clothing
clothing,clothing
clothing,clothing
beauty and personal care,beauty and personal care
beauty and personal care,beauty and personal care
automotive,automotive
mobiles  accessories,mobiles  accessories
beauty and personal care,beauty and personal care
home decor  festive needs,home decor  festive needs
clothing,clothing
mobiles  accessories,mobiles  accessories
computers,computers
home decor  festive needs,home decor  festive needs
clothing,clothing
home decor  festive needs,home decor  festive needs
home entertainment,computers
clothing,clothing
mobiles  accessories,computers
clothing,clothing
clothing,clothing
footwear,clothing
clothing,clothing
footwear,footwear
kitchen  dining,kitchen  dining
beauty and personal care,beauty and personal care
mobiles  accessories,mobiles  accessories
clothing,clothing
jewellery,jewellery
pens  stationery,toys  school supplies
jewellery,jewellery
jewellery,jewellery
pet supplies,baby care
jewellery,jewellery
clothing,clothing
clothing,clothing
automotive,automotive
automotive,automotive
pens  stationery,home decor  festive needs
furniture,home decor  festive needs
jewellery,jewellery
jewellery,jewellery
clothing,clothing
clothing,clothing
mobiles  accessories,mobiles  accessories
jewellery,jewellery
clothing,clothing
mobiles  accessories,computers
beauty and personal care,beauty and personal care
watches,bags wallets  belts
mobiles  accessories,mobiles  accessories
clothing,clothing
clothing,clothing
clothing,clothing
jewellery,jewellery
clothing,clothing
home decor  festive needs,home decor  festive needs
tools  hardware,tools  hardware
automotive,automotive
footwear,clothing
clothing,clothing
automotive,automotive
clothing,clothing
clothing,clothing
automotive,automotive
home  kitchen,automotive
toys  school supplies,toys  school supplies
home entertainment,computers
jewellery,jewellery
furniture,home decor  festive needs
mobiles  accessories,mobiles  accessories
jewellery,jewellery
jewellery,jewellery
kitchen  dining,computers
home decor  festive needs,home decor  festive needs
clothing,clothing
computers,mobiles  accessories
beauty and personal care,beauty and personal care
clothing,clothing
home furnishing,home furnishing
footwear,footwear
clothing,clothing
jewellery,jewellery
kitchen  dining,beauty and personal care
automotive,automotive
watches,watches
automotive,automotive
kitchen  dining,kitchen  dining
footwear,footwear
jewellery,jewellery
clothing,clothing
pens  stationery,pens  stationery
home improvement,automotive
jewellery,jewellery
baby care,baby care
clothing,clothing
clothing,clothing
mobiles  accessories,mobiles  accessories
clothing,clothing
computers,computers
home decor  festive needs,home decor  festive needs
clothing,clothing
clothing,clothing
kitchen  dining,kitchen  dining
footwear,footwear
clothing,clothing
footwear,footwear
clothing,clothing
clothing,clothing
clothing,clothing
clothing,clothing
clothing,clothing
bags wallets  belts,bags wallets  belts
automotive,automotive
pens  stationery,home decor  festive needs
home decor  festive needs,home decor  festive needs
kitchen  dining,kitchen  dining
clothing,clothing
kitchen  dining,home furnishing
kitchen  dining,kitchen  dining
jewellery,jewellery
clothing,clothing
clothing,clothing
clothing,clothing
jewellery,jewellery
computers,computers
clothing,clothing
clothing,clothing
jewellery,jewellery
clothing,clothing
computers,mobiles  accessories
computers,computers
clothing,clothing
mobiles  accessories,mobiles  accessories
clothing,clothing
watches,watches
clothing,clothing
clothing,clothing
clothing,clothing
clothing,clothing
home decor  festive needs,baby care
kitchen  dining,kitchen  dining
watches,watches
home furnishing,home furnishing
clothing,clothing
clothing,clothing
clothing,clothing
jewellery,jewellery
jewellery,jewellery
mobiles  accessories,computers
mobiles  accessories,mobiles  accessories
watches,watches
watches,watches
jewellery,jewellery
clothing,clothing
jewellery,jewellery
home decor  festive needs,home decor  festive needs
clothing,clothing
clothing,clothing
home decor  festive needs,home decor  festive needs
kitchen  dining,kitchen  dining
home decor  festive needs,home decor  festive needs
clothing,clothing
clothing,clothing
home entertainment,home decor  festive needs
kitchen  dining,kitchen  dining
kitchen  dining,kitchen  dining
automotive,automotive
footwear,footwear
jewellery,jewellery
watches,watches
jewellery,jewellery
clothing,clothing
clothing,clothing
clothing,clothing
clothing,clothing
clothing,clothing
clothing,clothing
home furnishing,home furnishing
jewellery,jewellery
home furnishing,home furnishing
jewellery,jewellery
home improvement,home improvement
jewellery,jewellery
jewellery,jewellery
jewellery,jewellery
sunglasses,sunglasses
mobiles  accessories,mobiles  accessories
jewellery,jewellery
jewellery,jewellery
clothing,clothing
clothing,clothing
clothing,clothing
mobiles  accessories,mobiles  accessories
jewellery,jewellery
pet supplies,beauty and personal care
home furnishing,home furnishing
bags wallets  belts,bags wallets  belts
baby care,clothing
automotive,automotive
mobiles  accessories,mobiles  accessories
clothing,clothing
kitchen  dining,kitchen  dining
clothing,clothing
jewellery,jewellery
jewellery,jewellery
kitchen  dining,kitchen  dining
clothing,clothing
baby care,clothing
watches,watches
watches,watches
bags wallets  belts,bags wallets  belts
baby care,automotive
kitchen  dining,kitchen  dining
kitchen  dining,kitchen  dining
footwear,clothing
home furnishing,home furnishing
jewellery,jewellery
automotive,automotive
tools  hardware,tools  hardware
mobiles  accessories,mobiles  accessories
jewellery,jewellery
mobiles  accessories,mobiles  accessories
clothing,clothing
clothing,clothing
home decor  festive needs,home decor  festive needs
computers,computers
clothing,clothing
clothing,clothing
clothing,clothing
home decor  festive needs,home decor  festive needs
watches,watches
automation  robotics,automotive
clothing,clothing
jewellery,jewellery
computers,computers
clothing,clothing
kitchen  dining,automotive
jewellery,jewellery
footwear,footwear
footwear,footwear
jewellery,jewellery
tools  hardware,tools  hardware
tools  hardware,tools  hardware
footwear,footwear
mobiles  accessories,computers
beauty and personal care,beauty and personal care
mobiles  accessories,mobiles  accessories
mobiles  accessories,mobiles  accessories
jewellery,jewellery
kitchen  dining,footwear
automotive,automotive
clothing,clothing
beauty and personal care,beauty and personal care
kitchen  dining,kitchen  dining
tools  hardware,tools  hardware
clothing,clothing
toys  school supplies,toys  school supplies
pens  stationery,toys  school supplies
home furnishing,home furnishing
jewellery,jewellery
footwear,footwear
clothing,clothing
home decor  festive needs,home decor  festive needs
clothing,clothing
clothing,clothing
automotive,automotive
home furnishing,home furnishing
kitchen  dining,kitchen  dining
clothing,clothing
jewellery,jewellery
beauty and personal care,beauty and personal care
home furnishing,home furnishing
automotive,automotive
furniture,clothing
home decor  festive needs,home decor  festive needs
home decor  festive needs,home decor  festive needs
jewellery,jewellery
baby care,clothing
clothing,clothing
jewellery,jewellery
furniture,furniture
furniture,home decor  festive needs
jewellery,jewellery
home decor  festive needs,home decor  festive needs
watches,watches
clothing,clothing
beauty and personal care,beauty and personal care
footwear,footwear
clothing,clothing
beauty and personal care,beauty and personal care
home decor  festive needs,home decor  festive needs
home furnishing,home furnishing
footwear,footwear
jewellery,jewellery
jewellery,jewellery
home decor  festive needs,home decor  festive needs
toys  school supplies,toys  school supplies
clothing,clothing
mobiles  accessories,mobiles  accessories
clothing,clothing
clothing,clothing
watches,watches
mobiles  accessories,mobiles  accessories
home decor  festive needs,home decor  festive needs
beauty and personal care,beauty and personal care
mobiles  accessories,mobiles  accessories
clothing,clothing
kitchen  dining,kitchen  dining
clothing,clothing
cameras  accessories,automotive
automotive,automotive
jewellery,jewellery
jewellery,jewellery
home decor  festive needs,home decor  festive needs
clothing,clothing
clothing,clothing
clothing,clothing
footwear,footwear
sports  fitness,sports  fitness
jewellery,jewellery
home furnishing,clothing
jewellery,jewellery
furniture,furniture
kitchen  dining,kitchen  dining
home furnishing,home furnishing
kitchen  dining,kitchen  dining
watches,watches
mobiles  accessories,pens  stationery
clothing,clothing
mobiles  accessories,mobiles  accessories
clothing,clothing
clothing,clothing
automotive,automotive
jewellery,jewellery
clothing,clothing
bags wallets  belts,bags wallets  belts
automotive,automotive
clothing,baby care
clothing,clothing
computers,mobiles  accessories
footwear,clothing
kitchen  dining,kitchen  dining
clothing,clothing
mobiles  accessories,mobiles  accessories
jewellery,jewellery
sports  fitness,kitchen  dining
bags wallets  belts,automotive
clothing,clothing
jewellery,jewellery
clothing,clothing
jewellery,jewellery
bags wallets  belts,bags wallets  belts
clothing,clothing
jewellery,jewellery
clothing,clothing
jewellery,jewellery
footwear,footwear
kitchen  dining,kitchen  dining
tools  hardware,tools  hardware
home furnishing,home furnishing
clothing,clothing
mobiles  accessories,mobiles  accessories
clothing,clothing
clothing,clothing
kitchen  dining,kitchen  dining
bags wallets  belts,clothing
clothing,clothing
clothing,clothing
jewellery,jewellery
clothing,clothing
automotive,automotive
bags wallets  belts,footwear
clothing,clothing
bags wallets  belts,footwear
clothing,clothing
clothing,clothing
jewellery,jewellery
clothing,clothing
mobiles  accessories,automotive
toys  school supplies,toys  school supplies
jewellery,jewellery
jewellery,jewellery
home decor  festive needs,home decor  festive needs
clothing,clothing
clothing,clothing
clothing,clothing
footwear,footwear
clothing,clothing
baby care,clothing
clothing,clothing
home furnishing,home furnishing
clothing,clothing
watches,watches
footwear,footwear
clothing,clothing
beauty and personal care,beauty and personal care
tools  hardware,tools  hardware
mobiles  accessories,mobiles  accessories
footwear,footwear
clothing,clothing
clothing,clothing
jewellery,jewellery
clothing,clothing
kitchen  dining,kitchen  dining
jewellery,jewellery
clothing,clothing
jewellery,jewellery
automotive,automotive
clothing,clothing
home furnishing,home furnishing
watches,watches
clothing,clothing
footwear,footwear
home decor  festive needs,home decor  festive needs
jewellery,jewellery
pens  stationery,toys  school supplies
jewellery,jewellery
clothing,clothing
kitchen  dining,kitchen  dining
footwear,footwear
computers,computers
mobiles  accessories,mobiles  accessories
home decor  festive needs,home decor  festive needs
automotive,automotive
jewellery,jewellery
footwear,clothing
clothing,clothing
sports  fitness,sports  fitness
automotive,automotive
clothing,clothing
clothing,clothing
jewellery,jewellery
beauty and personal care,jewellery
jewellery,jewellery
automotive,automotive
toys  school supplies,toys  school supplies
clothing,clothing
clothing,clothing
clothing,clothing
automotive,automotive
home decor  festive needs,home decor  festive needs
jewellery,jewellery
mobiles  accessories,mobiles  accessories
clothing,clothing
kitchen  dining,kitchen  dining
clothing,clothing
jewellery,jewellery
clothing,clothing
jewellery,jewellery
clothing,clothing
clothing,clothing
footwear,clothing
clothing,clothing
mobiles  accessories,mobiles  accessories
clothing,clothing
clothing,clothing
clothing,clothing
beauty and personal care,beauty and personal care
mobiles  accessories,mobiles  accessories
baby care,clothing
pens  stationery,toys  school supplies
kitchen  dining,kitchen  dining
jewellery,jewellery
clothing,clothing
jewellery,jewellery
jewellery,jewellery
automotive,mobiles  accessories
pens  stationery,pens  stationery
automotive,automotive
beauty and personal care,beauty and personal care
clothing,clothing
footwear,footwear
mobiles  accessories,mobiles  accessories
clothing,clothing
jewellery,jewellery
footwear,footwear
clothing,clothing
mobiles  accessories,mobiles  accessories
clothing,clothing
clothing,clothing
clothing,clothing
clothing,clothing
toys  school supplies,toys  school supplies
clothing,clothing
jewellery,jewellery
clothing,clothing
clothing,clothing
clothing,clothing
home decor  festive needs,kitchen  dining
jewellery,jewellery
baby care,baby care
mobiles  accessories,mobiles  accessories
jewellery,jewellery
clothing,clothing
jewellery,jewellery
mobiles  accessories,mobiles  accessories
clothing,clothing
automotive,automotive
jewellery,jewellery
automotive,automotive
mobiles  accessories,mobiles  accessories
clothing,clothing
jewellery,jewellery
kitchen  dining,kitchen  dining
clothing,clothing
clothing,clothing
home furnishing,home furnishing
watches,watches
clothing,clothing
baby care,baby care
footwear,footwear
jewellery,jewellery
mobiles  accessories,mobiles  accessories
clothing,clothing
mobiles  accessories,mobiles  accessories
jewellery,jewellery
clothing,clothing
watches,watches
bags wallets  belts,clothing
jewellery,jewellery
clothing,clothing
automotive,automotive
jewellery,jewellery
automotive,automotive
home improvement,home improvement
clothing,clothing
automotive,automotive
baby care,baby care
clothing,clothing
footwear,clothing
clothing,jewellery
baby care,baby care
tools  hardware,tools  hardware
clothing,clothing
baby care,clothing
clothing,clothing
home furnishing,home furnishing
tools  hardware,tools  hardware
beauty and personal care,beauty and personal care
watches,watches
clothing,clothing
automotive,automotive
toys  school supplies,toys  school supplies
clothing,clothing
home decor  festive needs,home decor  festive needs
furniture,home furnishing
toys  school supplies,toys  school supplies
automotive,automotive
bags wallets  belts,bags wallets  belts
sports  fitness,sports  fitness
jewellery,jewellery
jewellery,jewellery
footwear,footwear
watches,watches
clothing,clothing
kitchen  dining,kitchen  dining
bags wallets  belts,bags wallets  belts
jewellery,jewellery
clothing,clothing
jewellery,jewellery
beauty and personal care,beauty and personal care
clothing,clothing
kitchen  dining,home decor  festive needs
mobiles  accessories,mobiles  accessories
health  personal care appliances,automotive
watches,watches
clothing,footwear
clothing,clothing
mobiles  accessories,mobiles  accessories
mobiles  accessories,mobiles  accessories
clothing,clothing
clothing,clothing
watches,watches
baby care,baby care
clothing,clothing
sports  fitness,sports  fitness
clothing,clothing
clothing,clothing
footwear,clothing
toys  school supplies,home decor  festive needs
clothing,clothing
tools  hardware,tools  hardware
home furnishing,home furnishing
mobiles  accessories,mobiles  accessories
tools  hardware,tools  hardware
jewellery,jewellery
jewellery,jewellery
pens  stationery,toys  school supplies
clothing,clothing
clothing,clothing
automotive,automotive
clothing,clothing
kitchen  dining,kitchen  dining
footwear,footwear
computers,computers
jewellery,jewellery
clothing,clothing
jewellery,jewellery
jewellery,jewellery
home decor  festive needs,home decor  festive needs
clothing,clothing
automotive,automotive
automotive,automotive
automotive,automotive
clothing,clothing
baby care,baby care
clothing,clothing
mobiles  accessories,mobiles  accessories
automotive,automotive
watches,watches
beauty and personal care,beauty and personal care
computers,computers
clothing,clothing
mobiles  accessories,mobiles  accessories
mobiles  accessories,computers
kitchen  dining,kitchen  dining
clothing,clothing
footwear,footwear
home furnishing,home furnishing
jewellery,jewellery
automotive,automotive
home decor  festive needs,home decor  festive needs
jewellery,jewellery
home furnishing,home furnishing
mobiles  accessories,mobiles  accessories
home decor  festive needs,home decor  festive needs
clothing,clothing
clothing,clothing
clothing,clothing
mobiles  accessories,mobiles  accessories
pens  stationery,home decor  festive needs
jewellery,jewellery
pens  stationery,pens  stationery
clothing,clothing
clothing,clothing
home furnishing,home furnishing
footwear,footwear
clothing,clothing
home decor  festive needs,mobiles  accessories
jewellery,jewellery
computers,computers
clothing,clothing
bags wallets  belts,bags wallets  belts
jewellery,jewellery
clothing,clothing
jewellery,jewellery
computers,mobiles  accessories
clothing,clothing
jewellery,jewellery
clothing,clothing
home furnishing,home furnishing
clothing,clothing
clothing,clothing
clothing,clothing
clothing,clothing
clothing,clothing
beauty and personal care,beauty and personal care
beauty and personal care,clothing
home decor  festive needs,home decor  festive needs
pens  stationery,pens  stationery
footwear,footwear
beauty and personal care,beauty and personal care
clothing,clothing
jewellery,jewellery
home decor  festive needs,home decor  festive needs
clothing,clothing
automotive,automotive
jewellery,jewellery
clothing,clothing
jewellery,jewellery
jewellery,jewellery
kitchen  dining,pens  stationery
mobiles  accessories,mobiles  accessories
mobiles  accessories,mobiles  accessories
clothing,clothing
tools  hardware,tools  hardware
kitchen  dining,automotive
clothing,clothing
automotive,automotive
furniture,home decor  festive needs
beauty and personal care,beauty and personal care
clothing,clothing
clothing,clothing
automotive,automotive
computers,computers
clothing,clothing
beauty and personal care,beauty and personal care
clothing,clothing
clothing,clothing
mobiles  accessories,mobiles  accessories
clothing,clothing
clothing,clothing
clothing,clothing
home decor  festive needs,home decor  festive needs
clothing,clothing
clothing,jewellery
automotive,automotive
jewellery,jewellery
clothing,clothing
footwear,footwear
watches,watches
baby care,sports  fitness
cameras  accessories,cameras  accessories
footwear,footwear
jewellery,jewellery
baby care,baby care
jewellery,jewellery
mobiles  accessories,mobiles  accessories
footwear,footwear
toys  school supplies,toys  school supplies
jewellery,jewellery
jewellery,jewellery
kitchen  dining,kitchen  dining
footwear,footwear
clothing,clothing
home furnishing,home furnishing
jewellery,jewellery
automotive,automotive
clothing,clothing
automotive,automotive
gaming,mobiles  accessories
footwear,footwear
toys  school supplies,toys  school supplies
footwear,footwear
clothing,clothing
pens  stationery,automotive
clothing,clothing
watches,watches
home decor  festive needs,home decor  festive needs
footwear,footwear
pens  stationery,pens  stationery
kitchen  dining,kitchen  dining
clothing,clothing
sports  fitness,sports  fitness
clothing,clothing
jewellery,jewellery
computers,beauty and personal care
clothing,clothing
mobiles  accessories,mobiles  accessories
kitchen  dining,kitchen  dining
clothing,clothing
clothing,clothing
automotive,automotive
footwear,footwear
footwear,footwear
jewellery,jewellery
mobiles  accessories,mobiles  accessories
clothing,clothing
clothing,clothing
clothing,clothing
footwear,clothing
furniture,furniture
clothing,clothing
clothing,clothing
home decor  festive needs,home decor  festive needs
watches,watches
footwear,footwear
footwear,footwear
clothing,clothing
automotive,automotive
beauty and personal care,beauty and personal care
computers,computers
jewellery,jewellery
mobiles  accessories,mobiles  accessories
beauty and personal care,beauty and personal care
toys  school supplies,baby care
watches,watches
clothing,clothing
automotive,automotive
clothing,clothing
jewellery,jewellery
jewellery,jewellery
computers,computers
clothing,clothing
home decor  festive needs,home decor  festive needs
jewellery,jewellery
jewellery,jewellery
footwear,footwear
footwear,footwear
jewellery,home decor  festive needs
jewellery,jewellery
furniture,furniture
baby care,clothing
home decor  festive needs,beauty and personal care
footwear,footwear
footwear,footwear
kitchen  dining,kitchen  dining
kitchen  dining,pens  stationery
jewellery,jewellery
footwear,footwear
jewellery,jewellery
mobiles  accessories,mobiles  accessories
footwear,footwear
mobiles  accessories,mobiles  accessories
clothing,clothing
tools  hardware,tools  hardware
jewellery,jewellery
baby care,baby care
footwear,footwear
clothing,clothing
clothing,clothing
home decor  festive needs,home decor  festive needs
automotive,automotive
home furnishing,home furnishing
kitchen  dining,kitchen  dining
clothing,clothing
jewellery,home decor  festive needs
home furnishing,home furnishing
clothing,clothing
jewellery,jewellery
mobiles  accessories,mobiles  accessories
jewellery,jewellery
clothing,clothing
automotive,automotive
automotive,automotive
footwear,clothing
home decor  festive needs,home decor  festive needs
clothing,clothing
toys  school supplies,toys  school supplies
clothing,clothing
automotive,automotive
automotive,automotive
kitchen  dining,kitchen  dining
jewellery,jewellery
clothing,clothing
mobiles  accessories,mobiles  accessories
home furnishing,home furnishing
clothing,clothing
home furnishing,home furnishing
bags wallets  belts,bags wallets  belts
jewellery,jewellery
kitchen  dining,kitchen  dining
home decor  festive needs,home decor  festive needs
clothing,clothing
clothing,clothing
beauty and personal care,beauty and personal care
home improvement,automotive
jewellery,jewellery
footwear,footwear
kitchen  dining,kitchen  dining
clothing,clothing
mobiles  accessories,mobiles  accessories
mobiles  accessories,mobiles  accessories
footwear,footwear
watches,watches
sunglasses,sunglasses
jewellery,jewellery
home furnishing,home furnishing
clothing,clothing
automotive,automotive
beauty and personal care,beauty and personal care
clothing,clothing
jewellery,jewellery
clothing,clothing
clothing,clothing
kitchen  dining,kitchen  dining
computers,computers
footwear,footwear
jewellery,jewellery
automotive,automotive
jewellery,jewellery
clothing,clothing
sunglasses,sunglasses
computers,computers
mobiles  accessories,mobiles  accessories
clothing,clothing
jewellery,jewellery
kitchen  dining,kitchen  dining
clothing,clothing
baby care,clothing
kitchen  dining,kitchen  dining
home furnishing,home furnishing
jewellery,jewellery
baby care,home decor  festive needs
computers,mobiles  accessories
automotive,automotive
pens  stationery,pens  stationery
jewellery,jewellery
clothing,clothing
clothing,clothing
jewellery,jewellery
clothing,clothing
clothing,clothing
jewellery,jewellery
jewellery,jewellery
clothing,clothing
mobiles  accessories,mobiles  accessories
clothing,clothing
baby care,baby care
watches,watches
baby care,kitchen  dining
clothing,clothing
jewellery,jewellery
clothing,clothing
home decor  festive needs,home decor  festive needs
clothing,clothing
mobiles  accessories,mobiles  accessories
automotive,automotive
footwear,footwear
clothing,clothing
jewellery,jewellery
clothing,clothing
sunglasses,home decor  festive needs
clothing,clothing
clothing,clothing
jewellery,jewellery
kitchen  dining,kitchen  dining
clothing,clothing
jewellery,jewellery
clothing,clothing
clothing,clothing
clothing,clothing
clothing,clothing
mobiles  accessories,mobiles  accessories
jewellery,jewellery
mobiles  accessories,mobiles  accessories
home decor  festive needs,home decor  festive needs
footwear,footwear
home furnishing,home furnishing
cameras  accessories,mobiles  accessories
clothing,clothing
computers,computers
jewellery,jewellery
automotive,automotive
sports  fitness,sports  fitness
computers,computers
kitchen  dining,kitchen  dining
clothing,clothing
toys  school supplies,toys  school supplies
clothing,clothing
clothing,clothing
clothing,clothing
clothing,clothing
jewellery,jewellery
watches,watches
home decor  festive needs,home decor  festive needs
computers,mobiles  accessories
footwear,footwear
clothing,clothing
clothing,clothing
tools  hardware,tools  hardware
tools  hardware,tools  hardware
clothing,clothing
clothing,clothing
clothing,clothing
mobiles  accessories,mobiles  accessories
baby care,clothing
clothing,clothing
home decor  festive needs,home decor  festive needs
baby care,baby care
clothing,clothing
computers,computers
beauty and personal care,beauty and personal care
footwear,footwear
sports  fitness,sports  fitness
clothing,clothing
clothing,clothing
clothing,clothing
mobiles  accessories,mobiles  accessories
jewellery,jewellery
home furnishing,home furnishing
baby care,clothing
toys  school supplies,toys  school supplies
footwear,clothing
jewellery,jewellery
jewellery,jewellery
clothing,clothing
clothing,clothing
beauty and personal care,beauty and personal care
clothing,clothing
beauty and personal care,beauty and personal care
baby care,baby care
jewellery,jewellery
computers,computers
clothing,clothing
jewellery,jewellery
mobiles  accessories,mobiles  accessories
clothing,clothing
jewellery,jewellery
jewellery,jewellery
jewellery,jewellery
home furnishing,home furnishing
kitchen  dining,kitchen  dining
jewellery,jewellery
clothing,clothing
clothing,clothing
mobiles  accessories,mobiles  accessories
footwear,clothing
clothing,clothing
jewellery,jewellery
computers,computers
beauty and personal care,beauty and personal care
clothing,clothing
toys  school supplies,automotive
clothing,clothing
tools  hardware,tools  hardware
home entertainment,computers
clothing,clothing
clothing,clothing
automotive,automotive
jewellery,jewellery
home decor  festive needs,kitchen  dining
baby care,baby care
kitchen  dining,kitchen  dining
mobiles  accessories,mobiles  accessories
clothing,clothing
pens  stationery,kitchen  dining
clothing,clothing
automotive,beauty and personal care
clothing,clothing
home decor  festive needs,home decor  festive needs
jewellery,jewellery
jewellery,jewellery
jewellery,jewellery
beauty and personal care,beauty and personal care
jewellery,jewellery
clothing,clothing
footwear,clothing
clothing,clothing
watches,watches
clothing,clothing
pens  stationery,pens  stationery
home decor  festive needs,home decor  festive needs
watches,watches
home furnishing,home furnishing
mobiles  accessories,mobiles  accessories
beauty and personal care,beauty and personal care
clothing,clothing
jewellery,jewellery
clothing,clothing
computers,computers
bags wallets  belts,bags wallets  belts
clothing,clothing
home furnishing,home furnishing
clothing,clothing
jewellery,jewellery
clothing,clothing
home decor  festive needs,home decor  festive needs
jewellery,jewellery
beauty and personal care,beauty and personal care
clothing,clothing
mobiles  accessories,mobiles  accessories
clothing,clothing
automotive,automotive
clothing,clothing
beauty and personal care,beauty and personal care
home decor  festive needs,home decor  festive needs
tools  hardware,tools  hardware
clothing,clothing
baby care,clothing
jewellery,jewellery
clothing,clothing
clothing,clothing
clothing,clothing
clothing,clothing
jewellery,jewellery
clothing,clothing
sports  fitness,sports  fitness
footwear,footwear
furniture,furniture
toys  school supplies,toys  school supplies
clothing,clothing
clothing,clothing
automotive,automotive
mobiles  accessories,mobiles  accessories
clothing,clothing
clothing,clothing
beauty and personal care,home decor  festive needs
jewellery,jewellery
beauty and personal care,beauty and personal care
toys  school supplies,toys  school supplies
clothing,clothing
footwear,footwear
home furnishing,clothing
clothing,clothing
home decor  festive needs,home furnishing
cameras  accessories,cameras  accessories
jewellery,jewellery
jewellery,jewellery
automotive,automotive
clothing,clothing
automotive,automotive
mobiles  accessories,mobiles  accessories
clothing,clothing
footwear,footwear
jewellery,jewellery
footwear,footwear
jewellery,jewellery
clothing,clothing
clothing,clothing
automotive,automotive
home furnishing,home furnishing
tools  hardware,tools  hardware
clothing,clothing
automotive,automotive
jewellery,jewellery
clothing,clothing
computers,computers
health  personal care appliances,mobiles  accessories
clothing,clothing
jewellery,jewellery
jewellery,jewellery
clothing,clothing
jewellery,jewellery
clothing,clothing
furniture,furniture
tools  hardware,tools  hardware
clothing,clothing
kitchen  dining,kitchen  dining
jewellery,jewellery
footwear,footwear
clothing,clothing
jewellery,jewellery
clothing,clothing
mobiles  accessories,mobiles  accessories
mobiles  accessories,mobiles  accessories
clothing,clothing
jewellery,jewellery
footwear,clothing
clothing,clothing
jewellery,jewellery
jewellery,jewellery
home furnishing,home furnishing
automotive,automotive
clothing,clothing
home furnishing,home furnishing
clothing,clothing
clothing,clothing
clothing,clothing
clothing,clothing
mobiles  accessories,mobiles  accessories
mobiles  accessories,mobiles  accessories
mobiles  accessories,mobiles  accessories
baby care,home furnishing
clothing,clothing
clothing,clothing
clothing,clothing
clothing,clothing
footwear,footwear
jewellery,jewellery
jewellery,jewellery
home improvement,home improvement
clothing,clothing
automotive,automotive
clothing,clothing
bags wallets  belts,bags wallets  belts
pens  stationery,home decor  festive needs
jewellery,jewellery
clothing,clothing
clothing,clothing
clothing,clothing
home improvement,home improvement
furniture,home decor  festive needs
jewellery,jewellery
jewellery,jewellery
clothing,clothing
jewellery,jewellery
beauty and personal care,clothing
jewellery,jewellery
mobiles  accessories,mobiles  accessories
toys  school supplies,toys  school supplies
clothing,clothing
home decor  festive needs,home decor  festive needs
clothing,clothing
clothing,clothing
jewellery,jewellery
home decor  festive needs,kitchen  dining
automotive,automotive
clothing,clothing
clothing,clothing
jewellery,clothing
furniture,furniture
toys  school supplies,computers
clothing,clothing
automotive,automotive
jewellery,jewellery
clothing,clothing
automotive,automotive
clothing,clothing
clothing,clothing
clothing,clothing
clothing,clothing
watches,watches
automotive,automotive
cameras  accessories,cameras  accessories
clothing,clothing
automotive,automotive
jewellery,jewellery
baby care,clothing
clothing,clothing
footwear,footwear
tools  hardware,tools  hardware
watches,watches
beauty and personal care,beauty and personal care
clothing,mobiles  accessories
computers,computers
footwear,footwear
footwear,footwear
jewellery,jewellery
footwear,footwear
jewellery,jewellery
computers,computers
baby care,baby care
baby care,baby care
mobiles  accessories,mobiles  accessories
jewellery,jewellery
kitchen  dining,kitchen  dining
home furnishing,clothing
jewellery,jewellery
automotive,automotive
jewellery,jewellery
home decor  festive needs,home decor  festive needs
jewellery,jewellery
clothing,clothing
clothing,clothing
pens  stationery,pens  stationery
cameras  accessories,cameras  accessories
clothing,clothing
beauty and personal care,beauty and personal care
kitchen  dining,kitchen  dining
jewellery,jewellery
clothing,clothing
clothing,clothing
clothing,clothing
jewellery,jewellery
clothing,clothing
clothing,clothing
home furnishing,home furnishing
home decor  festive needs,home decor  festive needs
clothing,clothing
tools  hardware,tools  hardware
kitchen  dining,kitchen  dining
jewellery,jewellery
toys  school supplies,automotive
footwear,jewellery
clothing,clothing
automotive,mobiles  accessories
pens  stationery,pens  stationery
toys  school supplies,toys  school supplies
footwear,footwear
automotive,mobiles  accessories
computers,computers
beauty and personal care,beauty and personal care
automotive,automotive
home entertainment,mobiles  accessories
kitchen  dining,kitchen  dining
kitchen  dining,home furnishing
mobiles  accessories,mobiles  accessories
home furnishing,home furnishing
jewellery,jewellery
clothing,clothing
home furnishing,home furnishing
home furnishing,home furnishing
home decor  festive needs,home decor  festive needs
clothing,clothing
jewellery,jewellery
footwear,footwear
mobiles  accessories,mobiles  accessories
clothing,clothing
automotive,automotive
jewellery,jewellery
clothing,clothing
clothing,clothing
home decor  festive needs,beauty and personal care
clothing,clothing
clothing,clothing
footwear,clothing
clothing,clothing
jewellery,jewellery
jewellery,jewellery
beauty and personal care,home decor  festive needs
baby care,clothing
footwear,footwear
clothing,clothing
home furnishing,home furnishing
jewellery,jewellery
pens  stationery,pens  stationery
footwear,footwear
automotive,automotive
tools  hardware,home decor  festive needs
clothing,clothing
jewellery,jewellery
furniture,furniture
home decor  festive needs,home decor  festive needs
computers,computers
automotive,automotive
jewellery,jewellery
home furnishing,home furnishing
jewellery,jewellery
home furnishing,home furnishing
footwear,footwear
kitchen  dining,kitchen  dining
toys  school supplies,toys  school supplies
kitchen  dining,kitchen  dining
mobiles  accessories,mobiles  accessories
jewellery,jewellery
home  kitchen,kitchen  dining
beauty and personal care,beauty and personal care
home decor  festive needs,kitchen  dining
clothing,clothing
home decor  festive needs,home decor  festive needs
jewellery,jewellery
mobiles  accessories,mobiles  accessories
clothing,clothing
jewellery,jewellery
mobiles  accessories,mobiles  accessories
clothing,clothing
clothing,clothing
clothing,clothing
jewellery,jewellery
home furnishing,home furnishing
clothing,clothing
bags wallets  belts,bags wallets  belts
clothing,clothing
toys  school supplies,home decor  festive needs
watches,watches
cameras  accessories,cameras  accessories
beauty and personal care,beauty and personal care
footwear,footwear
clothing,clothing
jewellery,jewellery
automotive,automotive
footwear,footwear
clothing,clothing
clothing,clothing
clothing,clothing
clothing,clothing
jewellery,jewellery
automotive,automotive
clothing,clothing
home furnishing,home furnishing
automotive,automotive
jewellery,jewellery
jewellery,jewellery
clothing,clothing
automotive,automotive
clothing,clothing
home furnishing,clothing
clothing,clothing
beauty and personal care,beauty and personal care
jewellery,jewellery
kitchen  dining,kitchen  dining
clothing,clothing
footwear,footwear
clothing,clothing
footwear,footwear
clothing,clothing
footwear,footwear
clothing,clothing
clothing,clothing
mobiles  accessories,mobiles  accessories
jewellery,jewellery
footwear,footwear
clothing,clothing
kitchen  dining,kitchen  dining
clothing,clothing
jewellery,jewellery
mobiles  accessories,mobiles  accessories
mobiles  accessories,mobiles  accessories
mobiles  accessories,mobiles  accessories
home decor  festive needs,jewellery
clothing,clothing
clothing,clothing
beauty and personal care,beauty and personal care
automotive,automotive
clothing,clothing
mobiles  accessories,mobiles  accessories
jewellery,jewellery
footwear,clothing
clothing,clothing
home furnishing,home furnishing
automotive,automotive
computers,computers
jewellery,jewellery
clothing,clothing
clothing,clothing
home improvement,home decor  festive needs
clothing,clothing
beauty and personal care,beauty and personal care
clothing,clothing
kitchen  dining,kitchen  dining
pens  stationery,pens  stationery
kitchen  dining,kitchen  dining
clothing,clothing
kitchen  dining,home decor  festive needs
tools  hardware,tools  hardware
clothing,clothing
clothing,clothing
jewellery,jewellery
footwear,footwear
bags wallets  belts,bags wallets  belts
jewellery,jewellery
toys  school supplies,toys  school supplies
eyewear,home decor  festive needs
jewellery,jewellery
home decor  festive needs,home decor  festive needs
clothing,clothing
clothing,clothing
clothing,clothing
clothing,clothing
clothing,clothing
clothing,clothing
automotive,automotive
baby care,clothing
clothing,clothing
kitchen  dining,kitchen  dining
jewellery,jewellery
jewellery,jewellery
clothing,clothing
footwear,clothing
clothing,clothing
jewellery,jewellery
clothing,clothing
automotive,automotive
footwear,footwear
mobiles  accessories,mobiles  accessories
automotive,automotive
automotive,automotive
footwear,footwear
jewellery,jewellery
clothing,clothing
clothing,clothing
clothing,clothing
mobiles  accessories,mobiles  accessories
clothing,clothing
clothing,clothing
home furnishing,home furnishing
clothing,clothing
automotive,automotive
automotive,automotive
footwear,footwear
jewellery,jewellery
clothing,clothing
sports  fitness,sports  fitness
clothing,clothing
footwear,footwear
jewellery,jewellery
home furnishing,home furnishing
jewellery,jewellery
home decor  festive needs,home decor  festive needs
footwear,footwear
wearable smart devices,mobiles  accessories
baby care,baby care
clothing,clothing
clothing,clothing
automotive,automotive
footwear,footwear
clothing,clothing
jewellery,jewellery
clothing,clothing
clothing,clothing
home improvement,home improvement
mobiles  accessories,baby care
clothing,clothing
clothing,clothing
jewellery,jewellery
clothing,clothing
mobiles  accessories,mobiles  accessories
clothing,clothing
jewellery,jewellery
sports  fitness,sports  fitness
automotive,automotive
jewellery,jewellery
jewellery,jewellery
tools  hardware,tools  hardware
clothing,clothing
kitchen  dining,clothing
tools  hardware,tools  hardware
home  kitchen,beauty and personal care
jewellery,jewellery
jewellery,jewellery
clothing,clothing
home decor  festive needs,home decor  festive needs
jewellery,jewellery
clothing,clothing
home decor  festive needs,home decor  festive needs
clothing,clothing
kitchen  dining,kitchen  dining
jewellery,jewellery
clothing,clothing
mobiles  accessories,mobiles  accessories
watches,watches
automotive,automotive
footwear,clothing
jewellery,jewellery
footwear,footwear
jewellery,jewellery
home furnishing,home furnishing
home furnishing,home furnishing
baby care,clothing
home furnishing,clothing
clothing,clothing
clothing,clothing
clothing,clothing
footwear,footwear
home furnishing,home furnishing
jewellery,jewellery
computers,computers
jewellery,jewellery
jewellery,jewellery
computers,computers
mobiles  accessories,mobiles  accessories
beauty and personal care,beauty and personal care
clothing,clothing
jewellery,jewellery
footwear,footwear
clothing,clothing
clothing,clothing
tools  hardware,tools  hardware
jewellery,jewellery
home improvement,home improvement
home furnishing,home furnishing
jewellery,jewellery
mobiles  accessories,mobiles  accessories
clothing,clothing
jewellery,jewellery
clothing,clothing
clothing,clothing
clothing,clothing
home furnishing,clothing
home furnishing,home furnishing
clothing,clothing
mobiles  accessories,mobiles  accessories
mobiles  accessories,automotive
home decor  festive needs,home decor  festive needs
home decor  festive needs,home decor  festive needs
jewellery,jewellery
kitchen  dining,kitchen  dining
clothing,clothing
jewellery,jewellery
clothing,clothing
jewellery,jewellery
mobiles  accessories,mobiles  accessories
kitchen  dining,home decor  festive needs
clothing,clothing
jewellery,jewellery
clothing,clothing
clothing,clothing
jewellery,jewellery
clothing,clothing
toys  school supplies,toys  school supplies
jewellery,jewellery
jewellery,jewellery
pens  stationery,pens  stationery
home decor  festive needs,home decor  festive needs
mobiles  accessories,mobiles  accessories
jewellery,jewellery
clothing,clothing
jewellery,jewellery
beauty and personal care,beauty and personal care
kitchen  dining,kitchen  dining
beauty and personal care,clothing
clothing,clothing
watches,watches
clothing,clothing
automotive,automotive
computers,computers
mobiles  accessories,mobiles  accessories
jewellery,jewellery
home furnishing,home furnishing
jewellery,jewellery
baby care,beauty and personal care
clothing,clothing
home decor  festive needs,home decor  festive needs
mobiles  accessories,mobiles  accessories
jewellery,jewellery
jewellery,jewellery
clothing,clothing
baby care,home decor  festive needs
clothing,clothing
clothing,clothing
clothing,clothing
mobiles  accessories,mobiles  accessories
clothing,clothing
kitchen  dining,kitchen  dining
mobiles  accessories,mobiles  accessories
clothing,clothing
footwear,footwear
toys  school supplies,toys  school supplies
baby care,clothing
beauty and personal care,beauty and personal care
clothing,clothing
clothing,clothing
jewellery,jewellery
clothing,clothing
clothing,clothing
clothing,clothing
pet supplies,sports  fitness
baby care,baby care
jewellery,jewellery
footwear,watches
clothing,clothing
pens  stationery,toys  school supplies
clothing,clothing
jewellery,jewellery
beauty and personal care,beauty and personal care
footwear,footwear
jewellery,jewellery
tools  hardware,tools  hardware
clothing,clothing
sports  fitness,sports  fitness
clothing,clothing
clothing,clothing
jewellery,jewellery
jewellery,jewellery
mobiles  accessories,mobiles  accessories